{"cameraMode":{"drawMode":0,"name":"Shaded","section":"Shading Mode"},"sceneLighting":false,"audioPlay":false,"sceneViewState":{"showFog":true,"showMaterialUpdate":true,"showSkybox":true,"showFlares":true,"showImageEffects":true,"showParticleSystems":true},"in2DMode":false,"pivot":{"x":0.7095116376876831,"y":4.6028032302856449,"z":0.3887453079223633},"rotation":{"x":-0.000027366462745703757,"y":0.9991832971572876,"z":-0.040401890873909,"w":-0.0007377928122878075},"size":23.230173110961915,"orthographic":true}