{"cameraMode":{"drawMode":0,"name":"Shaded","section":"Shading Mode"},"sceneLighting":false,"audioPlay":false,"sceneViewState":{"showFog":true,"showMaterialUpdate":false,"showSkybox":true,"showFlares":true,"showImageEffects":true,"showParticleSystems":true},"in2DMode":false,"pivot":{"x":5.865351676940918,"y":9.195941925048829,"z":1.7520742416381837},"rotation":{"x":0.2932390570640564,"y":0.45479196310043337,"z":-0.1616000086069107,"w":0.8252639174461365},"size":58.9600944519043,"orthographic":true}