{"cameraMode":{"drawMode":0,"name":"Shaded","section":"Shading Mode"},"sceneLighting":false,"audioPlay":false,"sceneViewState":{"showFog":true,"showMaterialUpdate":true,"showSkybox":true,"showFlares":true,"showImageEffects":true,"showParticleSystems":true},"in2DMode":false,"pivot":{"x":-19.583984375,"y":6.19580078125,"z":78.66015625},"rotation":{"x":0.04600401595234871,"y":-0.12959006428718568,"z":0.006021395791321993,"w":0.9904816746711731},"size":21.16388702392578,"orthographic":true}