{"cameraMode":{"drawMode":0,"name":"Shaded","section":"Shading Mode"},"sceneLighting":false,"audioPlay":false,"sceneViewState":{"showFog":true,"showMaterialUpdate":false,"showSkybox":true,"showFlares":true,"showImageEffects":true,"showParticleSystems":true},"in2DMode":false,"pivot":{"x":25.290924072265626,"y":222.6496124267578,"z":0.0},"rotation":{"x":-0.09606777131557465,"y":0.04450837895274162,"z":-0.004299846477806568,"w":-0.9943699240684509},"size":2.8195226192474367,"orthographic":true}