{"cameraMode":{"drawMode":0,"name":"Shaded","section":"Shading Mode"},"sceneLighting":false,"audioPlay":false,"sceneViewState":{"showFog":true,"showMaterialUpdate":false,"showSkybox":true,"showFlares":true,"showImageEffects":true,"showParticleSystems":true},"in2DMode":false,"pivot":{"x":0.007811546325683594,"y":-4.934800148010254,"z":0.13817596435546876},"rotation":{"x":-0.25342631340026858,"y":0.5167025923728943,"z":-0.16341599822044373,"w":-0.8013044595718384},"size":28.85832977294922,"orthographic":false}