{"cameraMode":{"drawMode":0,"name":"Shaded","section":"Shading Mode"},"sceneLighting":false,"audioPlay":false,"sceneViewState":{"showFog":true,"showMaterialUpdate":false,"showSkybox":true,"showFlares":true,"showImageEffects":true,"showParticleSystems":true},"in2DMode":false,"pivot":{"x":-1.6151481866836548,"y":-0.1855563372373581,"z":-0.1700536459684372},"rotation":{"x":0.011181700974702835,"y":0.7114442586898804,"z":-0.011321622878313065,"w":0.7025623321533203},"size":13.691192626953125,"orthographic":true}