{"cameraMode":{"drawMode":0,"name":"Shaded","section":"Shading Mode"},"sceneLighting":false,"audioPlay":false,"sceneViewState":{"showFog":true,"showMaterialUpdate":true,"showSkybox":true,"showFlares":true,"showImageEffects":true,"showParticleSystems":true},"in2DMode":false,"pivot":{"x":-21.428115844726564,"y":-14.732345581054688,"z":5.917816162109375},"rotation":{"x":0.29536348581314089,"y":-0.5391761660575867,"z":0.209437295794487,"w":0.7603851556777954},"size":57.202362060546878,"orthographic":false}