{"cameraMode":{"drawMode":0,"name":"Shaded","section":"Shading Mode"},"sceneLighting":false,"audioPlay":false,"sceneViewState":{"showFog":true,"showMaterialUpdate":false,"showSkybox":true,"showFlares":true,"showImageEffects":true,"showParticleSystems":true},"in2DMode":false,"pivot":{"x":0.20160724222660066,"y":-0.40013599395751955,"z":-1.1993284225463868},"rotation":{"x":0.011202983558177948,"y":0.950537919998169,"z":-0.3084811568260193,"w":0.03452030569314957},"size":6.856815814971924,"orthographic":false}