{"cameraMode":{"drawMode":0,"name":"Shaded","section":"Shading Mode"},"sceneLighting":false,"audioPlay":false,"sceneViewState":{"showFog":true,"showMaterialUpdate":false,"showSkybox":true,"showFlares":true,"showImageEffects":true,"showParticleSystems":true},"in2DMode":false,"pivot":{"x":0.0011774897575378419,"y":0.0051274374127388,"z":-0.05359092354774475},"rotation":{"x":0.17171572148799897,"y":-0.43643516302108767,"z":0.08526398986577988,"w":0.8790723085403442},"size":0.4917813539505005,"orthographic":true}