{"cameraMode":{"drawMode":0,"name":"Shaded","section":"Shading Mode"},"sceneLighting":false,"audioPlay":false,"sceneViewState":{"showFog":true,"showMaterialUpdate":true,"showSkybox":true,"showFlares":true,"showImageEffects":true,"showParticleSystems":true},"in2DMode":false,"pivot":{"x":-0.16361232101917268,"y":0.049993664026260379,"z":0.21691888570785523},"rotation":{"x":0.025003429502248765,"y":0.6884385943412781,"z":-0.02376096323132515,"w":0.7244739532470703},"size":7.995141506195068,"orthographic":true}