{"cameraMode":{"drawMode":0,"name":"Shaded","section":"Shading Mode"},"sceneLighting":false,"audioPlay":false,"sceneViewState":{"showFog":true,"showMaterialUpdate":false,"showSkybox":true,"showFlares":true,"showImageEffects":true,"showParticleSystems":true},"in2DMode":false,"pivot":{"x":0.14830878376960755,"y":1.700923204421997,"z":-0.6172865629196167},"rotation":{"x":-0.17638401687145234,"y":-0.0032187204342335464,"z":0.0005757688777521253,"w":-0.9843160510063171},"size":11.47175121307373,"orthographic":true}