{"cameraMode":{"drawMode":0,"name":"Shaded","section":"Shading Mode"},"sceneLighting":false,"audioPlay":false,"sceneViewState":{"showFog":true,"showMaterialUpdate":false,"showSkybox":true,"showFlares":true,"showImageEffects":true,"showParticleSystems":true},"in2DMode":false,"pivot":{"x":0.01967759244143963,"y":-0.053362421691417697,"z":-0.030313994735479356},"rotation":{"x":0.1949184685945511,"y":-0.1089339628815651,"z":0.021799538284540178,"w":0.9745075702667236},"size":0.5157374739646912,"orthographic":true}