{"cameraMode":{"drawMode":0,"name":"Shaded","section":"Shading Mode"},"sceneLighting":false,"audioPlay":false,"sceneViewState":{"showFog":true,"showMaterialUpdate":true,"showSkybox":true,"showFlares":true,"showImageEffects":true,"showParticleSystems":true},"in2DMode":false,"pivot":{"x":0.83721923828125,"y":1.4971771240234376,"z":-6.72021484375},"rotation":{"x":-0.0009540693135932088,"y":-0.9986430406570435,"z":0.01938820071518421,"w":-0.04832585155963898},"size":2.8725335597991945,"orthographic":true}