{"cameraMode":{"drawMode":0,"name":"Shaded","section":"Shading Mode"},"sceneLighting":false,"audioPlay":false,"sceneViewState":{"showFog":true,"showMaterialUpdate":true,"showSkybox":true,"showFlares":true,"showImageEffects":true,"showParticleSystems":true},"in2DMode":false,"pivot":{"x":-18.255081176757814,"y":37.028018951416019,"z":0.1107177734375},"rotation":{"x":0.024108106270432473,"y":-0.942024290561676,"z":0.32741060853004458,"w":0.06936370581388474},"size":601.7197265625,"orthographic":false}