{"cameraMode":{"drawMode":0,"name":"Shaded","section":"Shading Mode"},"sceneLighting":false,"audioPlay":false,"sceneViewState":{"showFog":true,"showMaterialUpdate":true,"showSkybox":true,"showFlares":true,"showImageEffects":true,"showParticleSystems":true},"in2DMode":false,"pivot":{"x":-35.6024169921875,"y":344.5556640625,"z":-161.13758850097657},"rotation":{"x":0.029901249334216119,"y":0.1099696084856987,"z":0.003294331021606922,"w":-0.9934796094894409},"size":1668.2777099609375,"orthographic":true}